"DESCRIPTION","DURATION IN MS","NAME","PARENT SUITE","START TIME","STATUS","STOP TIME","SUB SUITE","SUITE","TEST CLASS","TEST METHOD"
"","10","Child Windows Handling","","Thu Sep 17 18:59:55 IST 2026","failed","Thu Sep 17 18:59:55 IST 2026","","D_ChildWindows.spec.js","",""
"","10","has title","","Thu Sep 17 18:59:55 IST 2026","failed","Thu Sep 17 18:59:55 IST 2026","","example.spec.ts","",""
"","11","Abort/Block API call Execution","","Thu Sep 17 18:59:55 IST 2026","failed","Thu Sep 17 18:59:55 IST 2026","","A_UIBasics.spec.js","",""
"","23","Iframes","","Thu Sep 17 18:59:54 IST 2026","skipped","Thu Sep 17 18:59:54 IST 2026","","C_WebElementsHandlingAndAsssertions.spec.js","",""
"","0","feature : Print Product Title","","Thu Sep 17 18:59:57 IST 2026","skipped","Thu Sep 17 18:59:57 IST 2026","","F1_Way2_NewBrContextWithStorageState.spec.js","",""
"","12","get started link","","Thu Sep 17 18:59:57 IST 2026","failed","Thu Sep 17 18:59:57 IST 2026","","example.spec.ts","",""
"","7","feature : call login and place order Api from utils to Verify orderId in Order History page Table","","Thu Sep 17 18:59:58 IST 2026","failed","Thu Sep 17 18:59:58 IST 2026","","F2_CallAPIFromUtils.spec.js","",""
"","15","Place order feature for ZARA COAT 3","","Thu Sep 17 19:00:00 IST 2026","failed","Thu Sep 17 19:00:00 IST 2026","","PageObjectTests\B_RunTestWithDiffSetOfTestData.spec.js","",""
"","13","login Test with Incorrect Credentials","","Thu Sep 17 18:59:52 IST 2026","failed","Thu Sep 17 18:59:52 IST 2026","","B_Basics.spec.js","",""
"","13","Print APIs Executed and its ststus code","","Thu Sep 17 18:59:57 IST 2026","failed","Thu Sep 17 18:59:57 IST 2026","","A_UIBasics.spec.js","",""
"","6","feature : Place Product order","","Thu Sep 17 18:59:57 IST 2026","failed","Thu Sep 17 18:59:57 IST 2026","","F_Way1_WebPlusAPIAutomation.spec.js","",""
"","15","Pass TestData As fixture for PlaceOrder feature","","Thu Sep 17 19:00:00 IST 2026","failed","Thu Sep 17 19:00:00 IST 2026","","PageObjectTests\C_PassTestDataAsFixture.spec.js","",""
"","13","Place order feature for iphone 13 pro","","Thu Sep 17 19:00:01 IST 2026","failed","Thu Sep 17 19:00:01 IST 2026","","PageObjectTests\B_RunTestWithDiffSetOfTestData.spec.js","",""
"","10","Fixture demo","","Thu Sep 17 18:59:58 IST 2026","failed","Thu Sep 17 18:59:58 IST 2026","","G_FixturesDemo.spec.js","",""
"","13","Test Execution with customized project configurations","","Thu Sep 17 18:59:52 IST 2026","failed","Thu Sep 17 18:59:52 IST 2026","","B_CreateProjectConfigurations.spec.js","",""
"","8","Place order feature","","Thu Sep 17 18:59:58 IST 2026","failed","Thu Sep 17 18:59:59 IST 2026","","PageObjectTests\A_PlaceOrder_POTest.spec.js","",""
"","1","feature : Place Product order","","Thu Sep 17 18:59:57 IST 2026","failed","Thu Sep 17 18:59:57 IST 2026","","F1_Way2_NewBrContextWithStorageState.spec.js","",""
"","6","feature : Verify orderId in Order History page Table","","Thu Sep 17 19:00:01 IST 2026","failed","Thu Sep 17 19:00:01 IST 2026","","F_Way1_WebPlusAPIAutomation.spec.js","",""
"","20","@REGRESSION Mouse Hover action","","Thu Sep 17 18:59:54 IST 2026","skipped","Thu Sep 17 18:59:54 IST 2026","","C_WebElementsHandlingAndAsssertions.spec.js","",""
"","27","Capture Screenshot and Visual Testing","","Thu Sep 17 18:59:54 IST 2026","skipped","Thu Sep 17 18:59:54 IST 2026","","C_WebElementsHandlingAndAsssertions.spec.js","",""
"","13","Playwright Test level timeout","","Thu Sep 17 18:59:54 IST 2026","failed","Thu Sep 17 18:59:54 IST 2026","","B_PlayWright_SpecialLocators.spec.js","",""
"","14","Place order feature","","Thu Sep 17 18:59:55 IST 2026","failed","Thu Sep 17 18:59:55 IST 2026","","E_PlaceOrder_E2EScenario.spec.js","",""
"","29","Visual comparison Testing","","Thu Sep 17 18:59:54 IST 2026","skipped","Thu Sep 17 18:59:54 IST 2026","","C_WebElementsHandlingAndAsssertions.spec.js","",""
"","13","Special Locators","","Thu Sep 17 18:59:52 IST 2026","failed","Thu Sep 17 18:59:52 IST 2026","","B_PlayWright_SpecialLocators.spec.js","",""
"","14","Launch Application","","Thu Sep 17 18:59:54 IST 2026","failed","Thu Sep 17 18:59:54 IST 2026","","A_UIBasics.spec.js","",""
"","15","First program","","Thu Sep 17 18:59:52 IST 2026","failed","Thu Sep 17 18:59:52 IST 2026","","A_UIBasics.spec.js","",""
"","26924","@SMOKE Verify Hidden Elements","","Thu Sep 17 19:08:39 IST 2026","passed","Thu Sep 17 19:09:06 IST 2026","","C_WebElementsHandlingAndAsssertions.spec.js","",""
"","18","@WEB Handle java Popups","","Thu Sep 17 18:59:54 IST 2026","skipped","Thu Sep 17 18:59:54 IST 2026","","C_WebElementsHandlingAndAsssertions.spec.js","",""
"","19","Login Test with correct credentials","","Thu Sep 17 18:59:54 IST 2026","failed","Thu Sep 17 18:59:54 IST 2026","","B_Basics.spec.js","",""
"","11","@WEB Static Dropdown Handling","","Thu Sep 17 18:59:54 IST 2026","failed","Thu Sep 17 18:59:54 IST 2026","","C_WebElementsHandlingAndAsssertions.spec.js","",""
